DistrictId,District,Population,Week,Year,NewConfCases,NewDeaths,TotalConfCases,TotalDeaths
101,Bezirk Affoltern,55111,9,2020,0,0,0,0
101,Bezirk Affoltern,55111,10,2020,1,0,1,0
101,Bezirk Affoltern,55111,11,2020,6,0,7,0
101,Bezirk Affoltern,55111,12,2020,23,1,30,1
101,Bezirk Affoltern,55111,13,2020,34,0,64,1
101,Bezirk Affoltern,55111,14,2020,19,2,83,3
101,Bezirk Affoltern,55111,15,2020,10,1,93,4
101,Bezirk Affoltern,55111,16,2020,2,0,95,4
101,Bezirk Affoltern,55111,17,2020,3,0,98,4
101,Bezirk Affoltern,55111,18,2020,2,0,100,4
101,Bezirk Affoltern,55111,19,2020,1,0,101,4
101,Bezirk Affoltern,55111,20,2020,1,0,102,4
101,Bezirk Affoltern,55111,21,2020,0,0,102,4
101,Bezirk Affoltern,55111,22,2020,0,0,102,4
101,Bezirk Affoltern,55111,23,2020,0,0,102,4
101,Bezirk Affoltern,55111,24,2020,0,0,102,4
101,Bezirk Affoltern,55111,25,2020,1,0,103,4
101,Bezirk Affoltern,55111,26,2020,1,0,104,4
101,Bezirk Affoltern,55111,27,2020,3,0,107,4
101,Bezirk Affoltern,55111,28,2020,4,0,111,4
101,Bezirk Affoltern,55111,29,2020,4,0,115,4
101,Bezirk Affoltern,55111,30,2020,4,0,119,4
101,Bezirk Affoltern,55111,31,2020,6,0,125,4
101,Bezirk Affoltern,55111,32,2020,8,0,133,4
101,Bezirk Affoltern,55111,33,2020,3,0,136,4
101,Bezirk Affoltern,55111,34,2020,15,0,151,4
101,Bezirk Affoltern,55111,35,2020,12,0,163,4
101,Bezirk Affoltern,55111,36,2020,9,0,172,4
101,Bezirk Affoltern,55111,37,2020,14,0,186,4
101,Bezirk Affoltern,55111,38,2020,11,0,197,4
101,Bezirk Affoltern,55111,39,2020,10,0,207,4
101,Bezirk Affoltern,55111,40,2020,24,0,231,4
101,Bezirk Affoltern,55111,41,2020,20,0,251,4
101,Bezirk Affoltern,55111,42,2020,97,0,348,4
101,Bezirk Affoltern,55111,43,2020,142,1,490,5
101,Bezirk Affoltern,55111,44,2020,217,0,707,5
101,Bezirk Affoltern,55111,45,2020,214,1,921,6
101,Bezirk Affoltern,55111,46,2020,125,0,1046,6
101,Bezirk Affoltern,55111,47,2020,123,3,1169,9
101,Bezirk Affoltern,55111,48,2020,149,2,1318,11
101,Bezirk Affoltern,55111,49,2020,163,4,1481,15
101,Bezirk Affoltern,55111,50,2020,190,1,1671,16
101,Bezirk Affoltern,55111,51,2020,201,7,1872,23
101,Bezirk Affoltern,55111,52,2020,183,5,2055,28
101,Bezirk Affoltern,55111,53,2020,153,7,2208,35
101,Bezirk Affoltern,55111,1,2021,115,4,2323,39
101,Bezirk Affoltern,55111,2,2021,85,1,2408,40
101,Bezirk Affoltern,55111,3,2021,69,2,2477,42
101,Bezirk Affoltern,55111,4,2021,62,1,2539,43
101,Bezirk Affoltern,55111,5,2021,51,0,2590,43
101,Bezirk Affoltern,55111,6,2021,46,2,2636,45
101,Bezirk Affoltern,55111,7,2021,34,0,2670,45
101,Bezirk Affoltern,55111,8,2021,38,1,2708,46
101,Bezirk Affoltern,55111,9,2021,61,3,2769,49
101,Bezirk Affoltern,55111,10,2021,42,2,2811,51
101,Bezirk Affoltern,55111,11,2021,40,3,2851,54
101,Bezirk Affoltern,55111,12,2021,59,1,2910,55
101,Bezirk Affoltern,55111,13,2021,56,0,2966,55
101,Bezirk Affoltern,55111,14,2021,70,0,3036,55
101,Bezirk Affoltern,55111,15,2021,49,1,3085,56
101,Bezirk Affoltern,55111,16,2021,83,0,3168,56
101,Bezirk Affoltern,55111,17,2021,70,0,3238,56
101,Bezirk Affoltern,55111,18,2021,34,0,3272,56
101,Bezirk Affoltern,55111,19,2021,40,0,3312,56
101,Bezirk Affoltern,55111,20,2021,32,0,3344,56
101,Bezirk Affoltern,55111,21,2021,22,0,3366,56
101,Bezirk Affoltern,55111,22,2021,13,0,3379,56
101,Bezirk Affoltern,55111,23,2021,17,0,3396,56
101,Bezirk Affoltern,55111,24,2021,10,0,3406,56
101,Bezirk Affoltern,55111,25,2021,4,0,3410,56
101,Bezirk Affoltern,55111,26,2021,6,0,3416,56
101,Bezirk Affoltern,55111,27,2021,10,0,3426,56
101,Bezirk Affoltern,55111,28,2021,24,0,3450,56
101,Bezirk Affoltern,55111,29,2021,29,0,3479,56
101,Bezirk Affoltern,55111,30,2021,27,0,3506,56
101,Bezirk Affoltern,55111,31,2021,22,0,3528,56
101,Bezirk Affoltern,55111,32,2021,45,0,3573,56
101,Bezirk Affoltern,55111,33,2021,86,0,3659,56
101,Bezirk Affoltern,55111,34,2021,105,1,3764,57
101,Bezirk Affoltern,55111,35,2021,120,0,3884,57
101,Bezirk Affoltern,55111,36,2021,139,0,4023,57
101,Bezirk Affoltern,55111,37,2021,122,0,4145,57
101,Bezirk Affoltern,55111,38,2021,51,0,4196,57
101,Bezirk Affoltern,55111,39,2021,41,0,4237,57
101,Bezirk Affoltern,55111,40,2021,37,0,4274,57
101,Bezirk Affoltern,55111,41,2021,33,0,4307,57
101,Bezirk Affoltern,55111,42,2021,46,0,4353,57
101,Bezirk Affoltern,55111,43,2021,50,0,4403,57
101,Bezirk Affoltern,55111,44,2021,126,0,4529,57
101,Bezirk Affoltern,55111,45,2021,188,0,4717,57
101,Bezirk Affoltern,55111,46,2021,211,0,4928,57
101,Bezirk Affoltern,55111,47,2021,438,0,5366,57
101,Bezirk Affoltern,55111,48,2021,430,0,5796,57
101,Bezirk Affoltern,55111,49,2021,399,1,6195,58
101,Bezirk Affoltern,55111,50,2021,280,0,6475,58
101,Bezirk Affoltern,55111,51,2021,344,0,6819,58
101,Bezirk Affoltern,55111,52,2021,515,0,7334,58
101,Bezirk Affoltern,55111,1,2022,770,0,8104,58
101,Bezirk Affoltern,55111,2,2022,947,1,9051,59
101,Bezirk Affoltern,55111,3,2022,1368,1,10419,60
101,Bezirk Affoltern,55111,4,2022,1599,0,12018,60
101,Bezirk Affoltern,55111,5,2022,1482,0,13500,60
101,Bezirk Affoltern,55111,6,2022,1107,0,14607,60
102,Bezirk Andelfingen,31490,9,2020,0,0,0,0
102,Bezirk Andelfingen,31490,10,2020,0,0,0,0
102,Bezirk Andelfingen,31490,11,2020,1,0,1,0
102,Bezirk Andelfingen,31490,12,2020,21,0,22,0
102,Bezirk Andelfingen,31490,13,2020,15,1,37,1
102,Bezirk Andelfingen,31490,14,2020,23,1,60,2
102,Bezirk Andelfingen,31490,15,2020,6,1,66,3
102,Bezirk Andelfingen,31490,16,2020,5,1,71,4
102,Bezirk Andelfingen,31490,17,2020,3,0,74,4
102,Bezirk Andelfingen,31490,18,2020,2,0,76,4
102,Bezirk Andelfingen,31490,19,2020,0,0,76,4
102,Bezirk Andelfingen,31490,20,2020,0,0,76,4
102,Bezirk Andelfingen,31490,21,2020,0,0,76,4
102,Bezirk Andelfingen,31490,22,2020,0,0,76,4
102,Bezirk Andelfingen,31490,23,2020,0,0,76,4
102,Bezirk Andelfingen,31490,24,2020,0,0,76,4
102,Bezirk Andelfingen,31490,25,2020,1,0,77,4
102,Bezirk Andelfingen,31490,26,2020,0,0,77,4
102,Bezirk Andelfingen,31490,27,2020,1,0,78,4
102,Bezirk Andelfingen,31490,28,2020,1,0,79,4
102,Bezirk Andelfingen,31490,29,2020,0,0,79,4
102,Bezirk Andelfingen,31490,30,2020,2,0,81,4
102,Bezirk Andelfingen,31490,31,2020,7,0,88,4
102,Bezirk Andelfingen,31490,32,2020,2,0,90,4
102,Bezirk Andelfingen,31490,33,2020,1,0,91,4
102,Bezirk Andelfingen,31490,34,2020,3,0,94,4
102,Bezirk Andelfingen,31490,35,2020,1,0,95,4
102,Bezirk Andelfingen,31490,36,2020,1,0,96,4
102,Bezirk Andelfingen,31490,37,2020,5,1,101,5
102,Bezirk Andelfingen,31490,38,2020,4,0,105,5
102,Bezirk Andelfingen,31490,39,2020,9,0,114,5
102,Bezirk Andelfingen,31490,40,2020,8,0,122,5
102,Bezirk Andelfingen,31490,41,2020,27,0,149,5
102,Bezirk Andelfingen,31490,42,2020,52,0,201,5
102,Bezirk Andelfingen,31490,43,2020,102,1,303,6
102,Bezirk Andelfingen,31490,44,2020,120,3,423,9
102,Bezirk Andelfingen,31490,45,2020,107,1,530,10
102,Bezirk Andelfingen,31490,46,2020,103,0,633,10
102,Bezirk Andelfingen,31490,47,2020,89,0,722,10
102,Bezirk Andelfingen,31490,48,2020,68,1,790,11
102,Bezirk Andelfingen,31490,49,2020,70,0,860,11
102,Bezirk Andelfingen,31490,50,2020,104,4,964,15
102,Bezirk Andelfingen,31490,51,2020,103,6,1067,21
102,Bezirk Andelfingen,31490,52,2020,87,2,1154,23
102,Bezirk Andelfingen,31490,53,2020,84,2,1238,25
102,Bezirk Andelfingen,31490,1,2021,73,0,1311,25
102,Bezirk Andelfingen,31490,2,2021,29,0,1340,25
102,Bezirk Andelfingen,31490,3,2021,22,1,1362,26
102,Bezirk Andelfingen,31490,4,2021,18,0,1380,26
102,Bezirk Andelfingen,31490,5,2021,17,0,1397,26
102,Bezirk Andelfingen,31490,6,2021,15,0,1412,26
102,Bezirk Andelfingen,31490,7,2021,4,0,1416,26
102,Bezirk Andelfingen,31490,8,2021,11,0,1427,26
102,Bezirk Andelfingen,31490,9,2021,12,0,1439,26
102,Bezirk Andelfingen,31490,10,2021,28,0,1467,26
102,Bezirk Andelfingen,31490,11,2021,14,0,1481,26
102,Bezirk Andelfingen,31490,12,2021,48,0,1529,26
102,Bezirk Andelfingen,31490,13,2021,81,0,1610,26
102,Bezirk Andelfingen,31490,14,2021,47,0,1657,26
102,Bezirk Andelfingen,31490,15,2021,44,0,1701,26
102,Bezirk Andelfingen,31490,16,2021,51,0,1752,26
102,Bezirk Andelfingen,31490,17,2021,34,0,1786,26
102,Bezirk Andelfingen,31490,18,2021,30,0,1816,26
102,Bezirk Andelfingen,31490,19,2021,18,0,1834,26
102,Bezirk Andelfingen,31490,20,2021,26,0,1860,26
102,Bezirk Andelfingen,31490,21,2021,7,0,1867,26
102,Bezirk Andelfingen,31490,22,2021,2,0,1869,26
102,Bezirk Andelfingen,31490,23,2021,4,0,1873,26
102,Bezirk Andelfingen,31490,24,2021,1,0,1874,26
102,Bezirk Andelfingen,31490,25,2021,0,0,1874,26
102,Bezirk Andelfingen,31490,26,2021,2,0,1876,26
102,Bezirk Andelfingen,31490,27,2021,3,0,1879,26
102,Bezirk Andelfingen,31490,28,2021,8,0,1887,26
102,Bezirk Andelfingen,31490,29,2021,17,0,1904,26
102,Bezirk Andelfingen,31490,30,2021,19,0,1923,26
102,Bezirk Andelfingen,31490,31,2021,20,0,1943,26
102,Bezirk Andelfingen,31490,32,2021,41,0,1984,26
102,Bezirk Andelfingen,31490,33,2021,27,0,2011,26
102,Bezirk Andelfingen,31490,34,2021,36,0,2047,26
102,Bezirk Andelfingen,31490,35,2021,38,0,2085,26
102,Bezirk Andelfingen,31490,36,2021,43,0,2128,26
102,Bezirk Andelfingen,31490,37,2021,26,0,2154,26
102,Bezirk Andelfingen,31490,38,2021,29,0,2183,26
102,Bezirk Andelfingen,31490,39,2021,29,0,2212,26
102,Bezirk Andelfingen,31490,40,2021,15,0,2227,26
102,Bezirk Andelfingen,31490,41,2021,17,0,2244,26
102,Bezirk Andelfingen,31490,42,2021,38,0,2282,26
102,Bezirk Andelfingen,31490,43,2021,43,0,2325,26
102,Bezirk Andelfingen,31490,44,2021,87,0,2412,26
102,Bezirk Andelfingen,31490,45,2021,128,0,2540,26
102,Bezirk Andelfingen,31490,46,2021,148,0,2688,26
102,Bezirk Andelfingen,31490,47,2021,201,0,2889,26
102,Bezirk Andelfingen,31490,48,2021,275,0,3164,26
102,Bezirk Andelfingen,31490,49,2021,272,0,3436,26
102,Bezirk Andelfingen,31490,50,2021,205,0,3641,26
102,Bezirk Andelfingen,31490,51,2021,169,0,3810,26
102,Bezirk Andelfingen,31490,52,2021,305,0,4115,26
102,Bezirk Andelfingen,31490,1,2022,512,0,4627,26
102,Bezirk Andelfingen,31490,2,2022,530,0,5157,26
102,Bezirk Andelfingen,31490,3,2022,651,0,5808,26
102,Bezirk Andelfingen,31490,4,2022,779,0,6587,26
102,Bezirk Andelfingen,31490,5,2022,841,0,7428,26
102,Bezirk Andelfingen,31490,6,2022,577,1,8005,27
103,Bezirk Bülach,154731,9,2020,0,0,0,0
103,Bezirk Bülach,154731,10,2020,4,0,4,0
103,Bezirk Bülach,154731,11,2020,16,0,20,0
103,Bezirk Bülach,154731,12,2020,44,0,64,0
103,Bezirk Bülach,154731,13,2020,51,1,115,1
103,Bezirk Bülach,154731,14,2020,61,2,176,3
103,Bezirk Bülach,154731,15,2020,32,2,208,5
103,Bezirk Bülach,154731,16,2020,23,0,231,5
103,Bezirk Bülach,154731,17,2020,10,0,241,5
103,Bezirk Bülach,154731,18,2020,5,1,246,6
103,Bezirk Bülach,154731,19,2020,4,0,250,6
103,Bezirk Bülach,154731,20,2020,0,0,250,6
103,Bezirk Bülach,154731,21,2020,3,0,253,6
103,Bezirk Bülach,154731,22,2020,5,0,258,6
103,Bezirk Bülach,154731,23,2020,4,0,262,6
103,Bezirk Bülach,154731,24,2020,2,0,264,6
103,Bezirk Bülach,154731,25,2020,12,0,276,6
103,Bezirk Bülach,154731,26,2020,15,0,291,6
103,Bezirk Bülach,154731,27,2020,16,0,307,6
103,Bezirk Bülach,154731,28,2020,28,0,335,6
103,Bezirk Bülach,154731,29,2020,18,0,353,6
103,Bezirk Bülach,154731,30,2020,29,0,382,6
103,Bezirk Bülach,154731,31,2020,17,0,399,6
103,Bezirk Bülach,154731,32,2020,30,0,429,6
103,Bezirk Bülach,154731,33,2020,51,0,480,6
103,Bezirk Bülach,154731,34,2020,49,0,529,6
103,Bezirk Bülach,154731,35,2020,51,0,580,6
103,Bezirk Bülach,154731,36,2020,33,0,613,6
103,Bezirk Bülach,154731,37,2020,40,0,653,6
103,Bezirk Bülach,154731,38,2020,41,0,694,6
103,Bezirk Bülach,154731,39,2020,26,0,720,6
103,Bezirk Bülach,154731,40,2020,46,0,766,6
103,Bezirk Bülach,154731,41,2020,103,0,869,6
103,Bezirk Bülach,154731,42,2020,222,2,1091,8
103,Bezirk Bülach,154731,43,2020,469,0,1560,8
103,Bezirk Bülach,154731,44,2020,576,3,2136,11
103,Bezirk Bülach,154731,45,2020,608,1,2744,12
103,Bezirk Bülach,154731,46,2020,573,3,3317,15
103,Bezirk Bülach,154731,47,2020,541,10,3858,25
103,Bezirk Bülach,154731,48,2020,452,13,4310,38
103,Bezirk Bülach,154731,49,2020,510,5,4820,43
103,Bezirk Bülach,154731,50,2020,590,19,5410,62
103,Bezirk Bülach,154731,51,2020,506,8,5916,70
103,Bezirk Bülach,154731,52,2020,458,11,6374,81
103,Bezirk Bülach,154731,53,2020,425,4,6799,85
103,Bezirk Bülach,154731,1,2021,391,1,7190,86
103,Bezirk Bülach,154731,2,2021,267,6,7457,92
103,Bezirk Bülach,154731,3,2021,238,4,7695,96
103,Bezirk Bülach,154731,4,2021,202,5,7897,101
103,Bezirk Bülach,154731,5,2021,147,5,8044,106
103,Bezirk Bülach,154731,6,2021,118,4,8162,110
103,Bezirk Bülach,154731,7,2021,119,1,8281,111
103,Bezirk Bülach,154731,8,2021,104,0,8385,111
103,Bezirk Bülach,154731,9,2021,131,1,8516,112
103,Bezirk Bülach,154731,10,2021,167,1,8683,113
103,Bezirk Bülach,154731,11,2021,202,0,8885,113
103,Bezirk Bülach,154731,12,2021,274,1,9159,114
103,Bezirk Bülach,154731,13,2021,235,0,9394,114
103,Bezirk Bülach,154731,14,2021,389,0,9783,114
103,Bezirk Bülach,154731,15,2021,384,3,10167,117
103,Bezirk Bülach,154731,16,2021,291,0,10458,117
103,Bezirk Bülach,154731,17,2021,279,0,10737,117
103,Bezirk Bülach,154731,18,2021,182,1,10919,118
103,Bezirk Bülach,154731,19,2021,143,0,11062,118
103,Bezirk Bülach,154731,20,2021,116,0,11178,118
103,Bezirk Bülach,154731,21,2021,76,1,11254,119
103,Bezirk Bülach,154731,22,2021,41,0,11295,119
103,Bezirk Bülach,154731,23,2021,43,3,11338,122
103,Bezirk Bülach,154731,24,2021,23,1,11361,123
103,Bezirk Bülach,154731,25,2021,16,1,11377,124
103,Bezirk Bülach,154731,26,2021,15,0,11392,124
103,Bezirk Bülach,154731,27,2021,35,0,11427,124
103,Bezirk Bülach,154731,28,2021,104,0,11531,124
103,Bezirk Bülach,154731,29,2021,82,0,11613,124
103,Bezirk Bülach,154731,30,2021,100,0,11713,124
103,Bezirk Bülach,154731,31,2021,114,0,11827,124
103,Bezirk Bülach,154731,32,2021,264,0,12091,124
103,Bezirk Bülach,154731,33,2021,358,0,12449,124
103,Bezirk Bülach,154731,34,2021,404,0,12853,124
103,Bezirk Bülach,154731,35,2021,346,1,13199,125
103,Bezirk Bülach,154731,36,2021,451,2,13650,127
103,Bezirk Bülach,154731,37,2021,259,1,13909,128
103,Bezirk Bülach,154731,38,2021,207,0,14116,128
103,Bezirk Bülach,154731,39,2021,147,0,14263,128
103,Bezirk Bülach,154731,40,2021,138,1,14401,129
103,Bezirk Bülach,154731,41,2021,103,0,14504,129
103,Bezirk Bülach,154731,42,2021,134,0,14638,129
103,Bezirk Bülach,154731,43,2021,164,2,14802,131
103,Bezirk Bülach,154731,44,2021,303,0,15105,131
103,Bezirk Bülach,154731,45,2021,447,0,15552,131
103,Bezirk Bülach,154731,46,2021,509,0,16061,131
103,Bezirk Bülach,154731,47,2021,704,0,16765,131
103,Bezirk Bülach,154731,48,2021,884,1,17649,132
103,Bezirk Bülach,154731,49,2021,1037,5,18686,137
103,Bezirk Bülach,154731,50,2021,880,2,19566,139
103,Bezirk Bülach,154731,51,2021,867,5,20433,144
103,Bezirk Bülach,154731,52,2021,1365,2,21798,146
103,Bezirk Bülach,154731,1,2022,2492,0,24290,146
103,Bezirk Bülach,154731,2,2022,2798,2,27088,148
103,Bezirk Bülach,154731,3,2022,3642,1,30730,149
103,Bezirk Bülach,154731,4,2022,4107,1,34837,150
103,Bezirk Bülach,154731,5,2022,3609,1,38446,151
103,Bezirk Bülach,154731,6,2022,2900,0,41346,151
104,Bezirk Dielsdorf,91112,9,2020,0,0,0,0
104,Bezirk Dielsdorf,91112,10,2020,0,0,0,0
104,Bezirk Dielsdorf,91112,11,2020,13,0,13,0
104,Bezirk Dielsdorf,91112,12,2020,31,0,44,0
104,Bezirk Dielsdorf,91112,13,2020,36,0,80,0
104,Bezirk Dielsdorf,91112,14,2020,39,1,119,1
104,Bezirk Dielsdorf,91112,15,2020,39,0,158,1
104,Bezirk Dielsdorf,91112,16,2020,9,3,167,4
104,Bezirk Dielsdorf,91112,17,2020,4,0,171,4
104,Bezirk Dielsdorf,91112,18,2020,4,0,175,4
104,Bezirk Dielsdorf,91112,19,2020,4,0,179,4
104,Bezirk Dielsdorf,91112,20,2020,2,0,181,4
104,Bezirk Dielsdorf,91112,21,2020,1,0,182,4
104,Bezirk Dielsdorf,91112,22,2020,4,0,186,4
104,Bezirk Dielsdorf,91112,23,2020,0,0,186,4
104,Bezirk Dielsdorf,91112,24,2020,1,0,187,4
104,Bezirk Dielsdorf,91112,25,2020,2,0,189,4
104,Bezirk Dielsdorf,91112,26,2020,4,0,193,4
104,Bezirk Dielsdorf,91112,27,2020,10,0,203,4
104,Bezirk Dielsdorf,91112,28,2020,6,0,209,4
104,Bezirk Dielsdorf,91112,29,2020,10,0,219,4
104,Bezirk Dielsdorf,91112,30,2020,6,0,225,4
104,Bezirk Dielsdorf,91112,31,2020,10,0,235,4
104,Bezirk Dielsdorf,91112,32,2020,13,0,248,4
104,Bezirk Dielsdorf,91112,33,2020,29,0,277,4
104,Bezirk Dielsdorf,91112,34,2020,8,0,285,4
104,Bezirk Dielsdorf,91112,35,2020,25,0,310,4
104,Bezirk Dielsdorf,91112,36,2020,24,0,334,4
104,Bezirk Dielsdorf,91112,37,2020,24,0,358,4
104,Bezirk Dielsdorf,91112,38,2020,28,0,386,4
104,Bezirk Dielsdorf,91112,39,2020,21,0,407,4
104,Bezirk Dielsdorf,91112,40,2020,23,0,430,4
104,Bezirk Dielsdorf,91112,41,2020,34,0,464,4
104,Bezirk Dielsdorf,91112,42,2020,109,0,573,4
104,Bezirk Dielsdorf,91112,43,2020,236,0,809,4
104,Bezirk Dielsdorf,91112,44,2020,338,0,1147,4
104,Bezirk Dielsdorf,91112,45,2020,356,2,1503,6
104,Bezirk Dielsdorf,91112,46,2020,334,5,1837,11
104,Bezirk Dielsdorf,91112,47,2020,335,2,2172,13
104,Bezirk Dielsdorf,91112,48,2020,257,3,2429,16
104,Bezirk Dielsdorf,91112,49,2020,294,2,2723,18
104,Bezirk Dielsdorf,91112,50,2020,325,1,3048,19
104,Bezirk Dielsdorf,91112,51,2020,339,3,3387,22
104,Bezirk Dielsdorf,91112,52,2020,256,7,3643,29
104,Bezirk Dielsdorf,91112,53,2020,290,2,3933,31
104,Bezirk Dielsdorf,91112,1,2021,239,5,4172,36
104,Bezirk Dielsdorf,91112,2,2021,158,0,4330,36
104,Bezirk Dielsdorf,91112,3,2021,140,2,4470,38
104,Bezirk Dielsdorf,91112,4,2021,91,1,4561,39
104,Bezirk Dielsdorf,91112,5,2021,81,4,4642,43
104,Bezirk Dielsdorf,91112,6,2021,69,2,4711,45
104,Bezirk Dielsdorf,91112,7,2021,60,1,4771,46
104,Bezirk Dielsdorf,91112,8,2021,74,0,4845,46
104,Bezirk Dielsdorf,91112,9,2021,90,1,4935,47
104,Bezirk Dielsdorf,91112,10,2021,131,0,5066,47
104,Bezirk Dielsdorf,91112,11,2021,144,4,5210,51
104,Bezirk Dielsdorf,91112,12,2021,186,3,5396,54
104,Bezirk Dielsdorf,91112,13,2021,143,0,5539,54
104,Bezirk Dielsdorf,91112,14,2021,173,0,5712,54
104,Bezirk Dielsdorf,91112,15,2021,167,0,5879,54
104,Bezirk Dielsdorf,91112,16,2021,177,0,6056,54
104,Bezirk Dielsdorf,91112,17,2021,142,0,6198,54
104,Bezirk Dielsdorf,91112,18,2021,100,0,6298,54
104,Bezirk Dielsdorf,91112,19,2021,58,0,6356,54
104,Bezirk Dielsdorf,91112,20,2021,71,0,6427,54
104,Bezirk Dielsdorf,91112,21,2021,35,0,6462,54
104,Bezirk Dielsdorf,91112,22,2021,33,1,6495,55
104,Bezirk Dielsdorf,91112,23,2021,14,0,6509,55
104,Bezirk Dielsdorf,91112,24,2021,8,0,6517,55
104,Bezirk Dielsdorf,91112,25,2021,5,0,6522,55
104,Bezirk Dielsdorf,91112,26,2021,12,0,6534,55
104,Bezirk Dielsdorf,91112,27,2021,21,0,6555,55
104,Bezirk Dielsdorf,91112,28,2021,34,0,6589,55
104,Bezirk Dielsdorf,91112,29,2021,86,0,6675,55
104,Bezirk Dielsdorf,91112,30,2021,57,0,6732,55
104,Bezirk Dielsdorf,91112,31,2021,66,0,6798,55
104,Bezirk Dielsdorf,91112,32,2021,173,0,6971,55
104,Bezirk Dielsdorf,91112,33,2021,285,3,7256,58
104,Bezirk Dielsdorf,91112,34,2021,268,0,7524,58
104,Bezirk Dielsdorf,91112,35,2021,283,1,7807,59
104,Bezirk Dielsdorf,91112,36,2021,274,0,8081,59
104,Bezirk Dielsdorf,91112,37,2021,219,0,8300,59
104,Bezirk Dielsdorf,91112,38,2021,135,0,8435,59
104,Bezirk Dielsdorf,91112,39,2021,87,0,8522,59
104,Bezirk Dielsdorf,91112,40,2021,70,0,8592,59
104,Bezirk Dielsdorf,91112,41,2021,41,1,8633,60
104,Bezirk Dielsdorf,91112,42,2021,50,0,8683,60
104,Bezirk Dielsdorf,91112,43,2021,99,0,8782,60
104,Bezirk Dielsdorf,91112,44,2021,146,0,8928,60
104,Bezirk Dielsdorf,91112,45,2021,285,0,9213,60
104,Bezirk Dielsdorf,91112,46,2021,303,4,9516,64
104,Bezirk Dielsdorf,91112,47,2021,402,1,9918,65
104,Bezirk Dielsdorf,91112,48,2021,537,2,10455,67
104,Bezirk Dielsdorf,91112,49,2021,590,0,11045,67
104,Bezirk Dielsdorf,91112,50,2021,440,1,11485,68
104,Bezirk Dielsdorf,91112,51,2021,414,0,11899,68
104,Bezirk Dielsdorf,91112,52,2021,701,1,12600,69
104,Bezirk Dielsdorf,91112,1,2022,1434,0,14034,69
104,Bezirk Dielsdorf,91112,2,2022,1667,0,15701,69
104,Bezirk Dielsdorf,91112,3,2022,2275,0,17976,69
104,Bezirk Dielsdorf,91112,4,2022,2642,0,20618,69
104,Bezirk Dielsdorf,91112,5,2022,2246,0,22864,69
104,Bezirk Dielsdorf,91112,6,2022,1714,1,24578,70
105,Bezirk Hinwil,96595,9,2020,0,0,0,0
105,Bezirk Hinwil,96595,10,2020,2,0,2,0
105,Bezirk Hinwil,96595,11,2020,7,0,9,0
105,Bezirk Hinwil,96595,12,2020,31,0,40,0
105,Bezirk Hinwil,96595,13,2020,43,0,83,0
105,Bezirk Hinwil,96595,14,2020,31,0,114,0
105,Bezirk Hinwil,96595,15,2020,38,0,152,0
105,Bezirk Hinwil,96595,16,2020,14,0,166,0
105,Bezirk Hinwil,96595,17,2020,7,0,173,0
105,Bezirk Hinwil,96595,18,2020,5,0,178,0
105,Bezirk Hinwil,96595,19,2020,3,0,181,0
105,Bezirk Hinwil,96595,20,2020,0,0,181,0
105,Bezirk Hinwil,96595,21,2020,2,0,183,0
105,Bezirk Hinwil,96595,22,2020,0,0,183,0
105,Bezirk Hinwil,96595,23,2020,2,0,185,0
105,Bezirk Hinwil,96595,24,2020,0,0,185,0
105,Bezirk Hinwil,96595,25,2020,0,0,185,0
105,Bezirk Hinwil,96595,26,2020,3,0,188,0
105,Bezirk Hinwil,96595,27,2020,16,0,204,0
105,Bezirk Hinwil,96595,28,2020,9,0,213,0
105,Bezirk Hinwil,96595,29,2020,16,0,229,0
105,Bezirk Hinwil,96595,30,2020,14,0,243,0
105,Bezirk Hinwil,96595,31,2020,19,0,262,0
105,Bezirk Hinwil,96595,32,2020,17,0,279,0
105,Bezirk Hinwil,96595,33,2020,7,0,286,0
105,Bezirk Hinwil,96595,34,2020,11,0,297,0
105,Bezirk Hinwil,96595,35,2020,29,0,326,0
105,Bezirk Hinwil,96595,36,2020,16,0,342,0
105,Bezirk Hinwil,96595,37,2020,21,1,363,1
105,Bezirk Hinwil,96595,38,2020,18,0,381,1
105,Bezirk Hinwil,96595,39,2020,6,0,387,1
105,Bezirk Hinwil,96595,40,2020,19,0,406,1
105,Bezirk Hinwil,96595,41,2020,42,0,448,1
105,Bezirk Hinwil,96595,42,2020,136,0,584,1
105,Bezirk Hinwil,96595,43,2020,217,0,801,1
105,Bezirk Hinwil,96595,44,2020,392,5,1193,6
105,Bezirk Hinwil,96595,45,2020,399,6,1592,12
105,Bezirk Hinwil,96595,46,2020,313,9,1905,21
105,Bezirk Hinwil,96595,47,2020,351,7,2256,28
105,Bezirk Hinwil,96595,48,2020,312,9,2568,37
105,Bezirk Hinwil,96595,49,2020,387,14,2955,51
105,Bezirk Hinwil,96595,50,2020,444,9,3399,60
105,Bezirk Hinwil,96595,51,2020,517,3,3916,63
105,Bezirk Hinwil,96595,52,2020,411,6,4327,69
105,Bezirk Hinwil,96595,53,2020,377,4,4704,73
105,Bezirk Hinwil,96595,1,2021,337,5,5041,78
105,Bezirk Hinwil,96595,2,2021,205,4,5246,82
105,Bezirk Hinwil,96595,3,2021,197,3,5443,85
105,Bezirk Hinwil,96595,4,2021,131,2,5574,87
105,Bezirk Hinwil,96595,5,2021,118,2,5692,89
105,Bezirk Hinwil,96595,6,2021,73,2,5765,91
105,Bezirk Hinwil,96595,7,2021,54,0,5819,91
105,Bezirk Hinwil,96595,8,2021,45,0,5864,91
105,Bezirk Hinwil,96595,9,2021,62,0,5926,91
105,Bezirk Hinwil,96595,10,2021,95,2,6021,93
105,Bezirk Hinwil,96595,11,2021,136,1,6157,94
105,Bezirk Hinwil,96595,12,2021,174,0,6331,94
105,Bezirk Hinwil,96595,13,2021,201,1,6532,95
105,Bezirk Hinwil,96595,14,2021,270,1,6802,96
105,Bezirk Hinwil,96595,15,2021,219,0,7021,96
105,Bezirk Hinwil,96595,16,2021,176,0,7197,96
105,Bezirk Hinwil,96595,17,2021,148,2,7345,98
105,Bezirk Hinwil,96595,18,2021,94,0,7439,98
105,Bezirk Hinwil,96595,19,2021,65,1,7504,99
105,Bezirk Hinwil,96595,20,2021,79,0,7583,99
105,Bezirk Hinwil,96595,21,2021,41,0,7624,99
105,Bezirk Hinwil,96595,22,2021,38,0,7662,99
105,Bezirk Hinwil,96595,23,2021,33,1,7695,100
105,Bezirk Hinwil,96595,24,2021,17,0,7712,100
105,Bezirk Hinwil,96595,25,2021,12,1,7724,101
105,Bezirk Hinwil,96595,26,2021,7,0,7731,101
105,Bezirk Hinwil,96595,27,2021,32,0,7763,101
105,Bezirk Hinwil,96595,28,2021,65,0,7828,101
105,Bezirk Hinwil,96595,29,2021,94,0,7922,101
105,Bezirk Hinwil,96595,30,2021,60,0,7982,101
105,Bezirk Hinwil,96595,31,2021,62,0,8044,101
105,Bezirk Hinwil,96595,32,2021,162,0,8206,101
105,Bezirk Hinwil,96595,33,2021,279,0,8485,101
105,Bezirk Hinwil,96595,34,2021,242,0,8727,101
105,Bezirk Hinwil,96595,35,2021,322,3,9049,104
105,Bezirk Hinwil,96595,36,2021,346,1,9395,105
105,Bezirk Hinwil,96595,37,2021,221,0,9616,105
105,Bezirk Hinwil,96595,38,2021,160,1,9776,106
105,Bezirk Hinwil,96595,39,2021,122,1,9898,107
105,Bezirk Hinwil,96595,40,2021,104,0,10002,107
105,Bezirk Hinwil,96595,41,2021,98,0,10100,107
105,Bezirk Hinwil,96595,42,2021,140,0,10240,107
105,Bezirk Hinwil,96595,43,2021,139,0,10379,107
105,Bezirk Hinwil,96595,44,2021,205,0,10584,107
105,Bezirk Hinwil,96595,45,2021,262,0,10846,107
105,Bezirk Hinwil,96595,46,2021,482,1,11328,108
105,Bezirk Hinwil,96595,47,2021,798,1,12126,109
105,Bezirk Hinwil,96595,48,2021,811,1,12937,110
105,Bezirk Hinwil,96595,49,2021,927,0,13864,110
105,Bezirk Hinwil,96595,50,2021,708,4,14572,114
105,Bezirk Hinwil,96595,51,2021,673,1,15245,115
105,Bezirk Hinwil,96595,52,2021,897,1,16142,116
105,Bezirk Hinwil,96595,1,2022,1410,0,17552,116
105,Bezirk Hinwil,96595,2,2022,1450,0,19002,116
105,Bezirk Hinwil,96595,3,2022,2062,0,21064,116
105,Bezirk Hinwil,96595,4,2022,2315,1,23379,117
105,Bezirk Hinwil,96595,5,2022,2451,0,25830,117
105,Bezirk Hinwil,96595,6,2022,2085,0,27915,117
106,Bezirk Horgen,125834,9,2020,0,0,0,0
106,Bezirk Horgen,125834,10,2020,2,0,2,0
106,Bezirk Horgen,125834,11,2020,17,0,19,0
106,Bezirk Horgen,125834,12,2020,68,0,87,0
106,Bezirk Horgen,125834,13,2020,55,4,142,4
106,Bezirk Horgen,125834,14,2020,59,1,201,5
106,Bezirk Horgen,125834,15,2020,24,1,225,6
106,Bezirk Horgen,125834,16,2020,8,2,233,8
106,Bezirk Horgen,125834,17,2020,7,1,240,9
106,Bezirk Horgen,125834,18,2020,4,0,244,9
106,Bezirk Horgen,125834,19,2020,4,0,248,9
106,Bezirk Horgen,125834,20,2020,3,0,251,9
106,Bezirk Horgen,125834,21,2020,3,0,254,9
106,Bezirk Horgen,125834,22,2020,0,0,254,9
106,Bezirk Horgen,125834,23,2020,0,0,254,9
106,Bezirk Horgen,125834,24,2020,0,0,254,9
106,Bezirk Horgen,125834,25,2020,0,0,254,9
106,Bezirk Horgen,125834,26,2020,5,0,259,9
106,Bezirk Horgen,125834,27,2020,16,0,275,9
106,Bezirk Horgen,125834,28,2020,10,0,285,9
106,Bezirk Horgen,125834,29,2020,9,0,294,9
106,Bezirk Horgen,125834,30,2020,14,1,308,10
106,Bezirk Horgen,125834,31,2020,6,0,314,10
106,Bezirk Horgen,125834,32,2020,7,0,321,10
106,Bezirk Horgen,125834,33,2020,22,0,343,10
106,Bezirk Horgen,125834,34,2020,28,0,371,10
106,Bezirk Horgen,125834,35,2020,29,0,400,10
106,Bezirk Horgen,125834,36,2020,28,0,428,10
106,Bezirk Horgen,125834,37,2020,24,0,452,10
106,Bezirk Horgen,125834,38,2020,32,0,484,10
106,Bezirk Horgen,125834,39,2020,27,0,511,10
106,Bezirk Horgen,125834,40,2020,49,0,560,10
106,Bezirk Horgen,125834,41,2020,106,1,666,11
106,Bezirk Horgen,125834,42,2020,277,0,943,11
106,Bezirk Horgen,125834,43,2020,387,0,1330,11
106,Bezirk Horgen,125834,44,2020,518,1,1848,12
106,Bezirk Horgen,125834,45,2020,452,5,2300,17
106,Bezirk Horgen,125834,46,2020,438,8,2738,25
106,Bezirk Horgen,125834,47,2020,388,6,3126,31
106,Bezirk Horgen,125834,48,2020,459,10,3585,41
106,Bezirk Horgen,125834,49,2020,396,16,3981,57
106,Bezirk Horgen,125834,50,2020,456,10,4437,67
106,Bezirk Horgen,125834,51,2020,417,9,4854,76
106,Bezirk Horgen,125834,52,2020,345,7,5199,83
106,Bezirk Horgen,125834,53,2020,304,7,5503,90
106,Bezirk Horgen,125834,1,2021,303,2,5806,92
106,Bezirk Horgen,125834,2,2021,207,5,6013,97
106,Bezirk Horgen,125834,3,2021,197,6,6210,103
106,Bezirk Horgen,125834,4,2021,201,2,6411,105
106,Bezirk Horgen,125834,5,2021,150,5,6561,110
106,Bezirk Horgen,125834,6,2021,165,3,6726,113
106,Bezirk Horgen,125834,7,2021,78,1,6804,114
106,Bezirk Horgen,125834,8,2021,63,2,6867,116
106,Bezirk Horgen,125834,9,2021,72,1,6939,117
106,Bezirk Horgen,125834,10,2021,118,0,7057,117
106,Bezirk Horgen,125834,11,2021,137,0,7194,117
106,Bezirk Horgen,125834,12,2021,150,1,7344,118
106,Bezirk Horgen,125834,13,2021,182,2,7526,120
106,Bezirk Horgen,125834,14,2021,223,3,7749,123
106,Bezirk Horgen,125834,15,2021,222,2,7971,125
106,Bezirk Horgen,125834,16,2021,217,1,8188,126
106,Bezirk Horgen,125834,17,2021,122,0,8310,126
106,Bezirk Horgen,125834,18,2021,109,1,8419,127
106,Bezirk Horgen,125834,19,2021,72,0,8491,127
106,Bezirk Horgen,125834,20,2021,66,0,8557,127
106,Bezirk Horgen,125834,21,2021,46,0,8603,127
106,Bezirk Horgen,125834,22,2021,31,0,8634,127
106,Bezirk Horgen,125834,23,2021,24,0,8658,127
106,Bezirk Horgen,125834,24,2021,14,0,8672,127
106,Bezirk Horgen,125834,25,2021,9,0,8681,127
106,Bezirk Horgen,125834,26,2021,12,0,8693,127
106,Bezirk Horgen,125834,27,2021,33,0,8726,127
106,Bezirk Horgen,125834,28,2021,69,0,8795,127
106,Bezirk Horgen,125834,29,2021,78,0,8873,127
106,Bezirk Horgen,125834,30,2021,70,0,8943,127
106,Bezirk Horgen,125834,31,2021,83,0,9026,127
106,Bezirk Horgen,125834,32,2021,176,1,9202,128
106,Bezirk Horgen,125834,33,2021,204,1,9406,129
106,Bezirk Horgen,125834,34,2021,224,0,9630,129
106,Bezirk Horgen,125834,35,2021,203,1,9833,130
106,Bezirk Horgen,125834,36,2021,182,0,10015,130
106,Bezirk Horgen,125834,37,2021,155,0,10170,130
106,Bezirk Horgen,125834,38,2021,95,0,10265,130
106,Bezirk Horgen,125834,39,2021,117,0,10382,130
106,Bezirk Horgen,125834,40,2021,94,2,10476,132
106,Bezirk Horgen,125834,41,2021,60,0,10536,132
106,Bezirk Horgen,125834,42,2021,106,0,10642,132
106,Bezirk Horgen,125834,43,2021,116,0,10758,132
106,Bezirk Horgen,125834,44,2021,251,0,11009,132
106,Bezirk Horgen,125834,45,2021,404,0,11413,132
106,Bezirk Horgen,125834,46,2021,493,2,11906,134
106,Bezirk Horgen,125834,47,2021,693,2,12599,136
106,Bezirk Horgen,125834,48,2021,693,1,13292,137
106,Bezirk Horgen,125834,49,2021,792,0,14084,137
106,Bezirk Horgen,125834,50,2021,670,2,14754,139
106,Bezirk Horgen,125834,51,2021,748,5,15502,144
106,Bezirk Horgen,125834,52,2021,1141,0,16643,144
106,Bezirk Horgen,125834,1,2022,2124,0,18767,144
106,Bezirk Horgen,125834,2,2022,2774,2,21541,146
106,Bezirk Horgen,125834,3,2022,3453,0,24994,146
106,Bezirk Horgen,125834,4,2022,3491,1,28485,147
106,Bezirk Horgen,125834,5,2022,2801,1,31286,148
106,Bezirk Horgen,125834,6,2022,2102,0,33388,148
107,Bezirk Meilen,104274,9,2020,0,0,0,0
107,Bezirk Meilen,104274,10,2020,3,0,3,0
107,Bezirk Meilen,104274,11,2020,12,0,15,0
107,Bezirk Meilen,104274,12,2020,65,0,80,0
107,Bezirk Meilen,104274,13,2020,54,2,134,2
107,Bezirk Meilen,104274,14,2020,35,2,169,4
107,Bezirk Meilen,104274,15,2020,32,1,201,5
107,Bezirk Meilen,104274,16,2020,7,0,208,5
107,Bezirk Meilen,104274,17,2020,3,0,211,5
107,Bezirk Meilen,104274,18,2020,6,0,217,5
107,Bezirk Meilen,104274,19,2020,2,0,219,5
107,Bezirk Meilen,104274,20,2020,1,0,220,5
107,Bezirk Meilen,104274,21,2020,0,0,220,5
107,Bezirk Meilen,104274,22,2020,1,0,221,5
107,Bezirk Meilen,104274,23,2020,1,0,222,5
107,Bezirk Meilen,104274,24,2020,0,0,222,5
107,Bezirk Meilen,104274,25,2020,2,0,224,5
107,Bezirk Meilen,104274,26,2020,1,0,225,5
107,Bezirk Meilen,104274,27,2020,14,0,239,5
107,Bezirk Meilen,104274,28,2020,13,2,252,7
107,Bezirk Meilen,104274,29,2020,9,1,261,8
107,Bezirk Meilen,104274,30,2020,11,0,272,8
107,Bezirk Meilen,104274,31,2020,5,0,277,8
107,Bezirk Meilen,104274,32,2020,13,0,290,8
107,Bezirk Meilen,104274,33,2020,24,0,314,8
107,Bezirk Meilen,104274,34,2020,25,0,339,8
107,Bezirk Meilen,104274,35,2020,40,0,379,8
107,Bezirk Meilen,104274,36,2020,42,0,421,8
107,Bezirk Meilen,104274,37,2020,38,0,459,8
107,Bezirk Meilen,104274,38,2020,19,0,478,8
107,Bezirk Meilen,104274,39,2020,23,0,501,8
107,Bezirk Meilen,104274,40,2020,41,0,542,8
107,Bezirk Meilen,104274,41,2020,68,0,610,8
107,Bezirk Meilen,104274,42,2020,157,0,767,8
107,Bezirk Meilen,104274,43,2020,333,0,1100,8
107,Bezirk Meilen,104274,44,2020,424,0,1524,8
107,Bezirk Meilen,104274,45,2020,347,3,1871,11
107,Bezirk Meilen,104274,46,2020,212,3,2083,14
107,Bezirk Meilen,104274,47,2020,203,2,2286,16
107,Bezirk Meilen,104274,48,2020,234,1,2520,17
107,Bezirk Meilen,104274,49,2020,271,3,2791,20
107,Bezirk Meilen,104274,50,2020,299,4,3090,24
107,Bezirk Meilen,104274,51,2020,284,9,3374,33
107,Bezirk Meilen,104274,52,2020,347,3,3721,36
107,Bezirk Meilen,104274,53,2020,326,4,4047,40
107,Bezirk Meilen,104274,1,2021,321,8,4368,48
107,Bezirk Meilen,104274,2,2021,236,4,4604,52
107,Bezirk Meilen,104274,3,2021,176,9,4780,61
107,Bezirk Meilen,104274,4,2021,129,4,4909,65
107,Bezirk Meilen,104274,5,2021,133,4,5042,69
107,Bezirk Meilen,104274,6,2021,96,2,5138,71
107,Bezirk Meilen,104274,7,2021,64,1,5202,72
107,Bezirk Meilen,104274,8,2021,45,1,5247,73
107,Bezirk Meilen,104274,9,2021,77,0,5324,73
107,Bezirk Meilen,104274,10,2021,93,1,5417,74
107,Bezirk Meilen,104274,11,2021,88,3,5505,77
107,Bezirk Meilen,104274,12,2021,146,2,5651,79
107,Bezirk Meilen,104274,13,2021,121,1,5772,80
107,Bezirk Meilen,104274,14,2021,159,1,5931,81
107,Bezirk Meilen,104274,15,2021,170,0,6101,81
107,Bezirk Meilen,104274,16,2021,181,1,6282,82
107,Bezirk Meilen,104274,17,2021,144,0,6426,82
107,Bezirk Meilen,104274,18,2021,87,0,6513,82
107,Bezirk Meilen,104274,19,2021,65,1,6578,83
107,Bezirk Meilen,104274,20,2021,71,0,6649,83
107,Bezirk Meilen,104274,21,2021,36,2,6685,85
107,Bezirk Meilen,104274,22,2021,26,0,6711,85
107,Bezirk Meilen,104274,23,2021,22,0,6733,85
107,Bezirk Meilen,104274,24,2021,6,0,6739,85
107,Bezirk Meilen,104274,25,2021,3,0,6742,85
107,Bezirk Meilen,104274,26,2021,11,0,6753,85
107,Bezirk Meilen,104274,27,2021,41,0,6794,85
107,Bezirk Meilen,104274,28,2021,65,0,6859,85
107,Bezirk Meilen,104274,29,2021,61,0,6920,85
107,Bezirk Meilen,104274,30,2021,50,0,6970,85
107,Bezirk Meilen,104274,31,2021,68,0,7038,85
107,Bezirk Meilen,104274,32,2021,71,0,7109,85
107,Bezirk Meilen,104274,33,2021,123,0,7232,85
107,Bezirk Meilen,104274,34,2021,153,0,7385,85
107,Bezirk Meilen,104274,35,2021,201,0,7586,85
107,Bezirk Meilen,104274,36,2021,150,0,7736,85
107,Bezirk Meilen,104274,37,2021,90,0,7826,85
107,Bezirk Meilen,104274,38,2021,79,0,7905,85
107,Bezirk Meilen,104274,39,2021,62,1,7967,86
107,Bezirk Meilen,104274,40,2021,57,0,8024,86
107,Bezirk Meilen,104274,41,2021,61,2,8085,88
107,Bezirk Meilen,104274,42,2021,48,1,8133,89
107,Bezirk Meilen,104274,43,2021,91,0,8224,89
107,Bezirk Meilen,104274,44,2021,140,1,8364,90
107,Bezirk Meilen,104274,45,2021,185,1,8549,91
107,Bezirk Meilen,104274,46,2021,304,1,8853,92
107,Bezirk Meilen,104274,47,2021,562,2,9415,94
107,Bezirk Meilen,104274,48,2021,598,0,10013,94
107,Bezirk Meilen,104274,49,2021,774,3,10787,97
107,Bezirk Meilen,104274,50,2021,649,3,11436,100
107,Bezirk Meilen,104274,51,2021,779,1,12215,101
107,Bezirk Meilen,104274,52,2021,951,3,13166,104
107,Bezirk Meilen,104274,1,2022,1930,3,15096,107
107,Bezirk Meilen,104274,2,2022,1972,0,17068,107
107,Bezirk Meilen,104274,3,2022,2256,1,19324,108
107,Bezirk Meilen,104274,4,2022,2084,0,21408,108
107,Bezirk Meilen,104274,5,2022,1940,3,23348,111
107,Bezirk Meilen,104274,6,2022,1550,1,24898,112
108,Bezirk Pfäffikon,60703,9,2020,0,0,0,0
108,Bezirk Pfäffikon,60703,10,2020,1,0,1,0
108,Bezirk Pfäffikon,60703,11,2020,6,0,7,0
108,Bezirk Pfäffikon,60703,12,2020,11,0,18,0
108,Bezirk Pfäffikon,60703,13,2020,23,0,41,0
108,Bezirk Pfäffikon,60703,14,2020,28,3,69,3
108,Bezirk Pfäffikon,60703,15,2020,26,0,95,3
108,Bezirk Pfäffikon,60703,16,2020,14,3,109,6
108,Bezirk Pfäffikon,60703,17,2020,3,1,112,7
108,Bezirk Pfäffikon,60703,18,2020,2,0,114,7
108,Bezirk Pfäffikon,60703,19,2020,0,0,114,7
108,Bezirk Pfäffikon,60703,20,2020,1,0,115,7
108,Bezirk Pfäffikon,60703,21,2020,0,0,115,7
108,Bezirk Pfäffikon,60703,22,2020,1,0,116,7
108,Bezirk Pfäffikon,60703,23,2020,0,0,116,7
108,Bezirk Pfäffikon,60703,24,2020,1,0,117,7
108,Bezirk Pfäffikon,60703,25,2020,1,0,118,7
108,Bezirk Pfäffikon,60703,26,2020,2,0,120,7
108,Bezirk Pfäffikon,60703,27,2020,6,0,126,7
108,Bezirk Pfäffikon,60703,28,2020,2,0,128,7
108,Bezirk Pfäffikon,60703,29,2020,5,0,133,7
108,Bezirk Pfäffikon,60703,30,2020,7,0,140,7
108,Bezirk Pfäffikon,60703,31,2020,17,0,157,7
108,Bezirk Pfäffikon,60703,32,2020,4,1,161,8
108,Bezirk Pfäffikon,60703,33,2020,8,0,169,8
108,Bezirk Pfäffikon,60703,34,2020,4,0,173,8
108,Bezirk Pfäffikon,60703,35,2020,8,0,181,8
108,Bezirk Pfäffikon,60703,36,2020,17,0,198,8
108,Bezirk Pfäffikon,60703,37,2020,17,0,215,8
108,Bezirk Pfäffikon,60703,38,2020,21,0,236,8
108,Bezirk Pfäffikon,60703,39,2020,10,0,246,8
108,Bezirk Pfäffikon,60703,40,2020,19,0,265,8
108,Bezirk Pfäffikon,60703,41,2020,33,0,298,8
108,Bezirk Pfäffikon,60703,42,2020,77,0,375,8
108,Bezirk Pfäffikon,60703,43,2020,132,1,507,9
108,Bezirk Pfäffikon,60703,44,2020,173,1,680,10
108,Bezirk Pfäffikon,60703,45,2020,243,2,923,12
108,Bezirk Pfäffikon,60703,46,2020,186,4,1109,16
108,Bezirk Pfäffikon,60703,47,2020,170,0,1279,16
108,Bezirk Pfäffikon,60703,48,2020,191,1,1470,17
108,Bezirk Pfäffikon,60703,49,2020,212,0,1682,17
108,Bezirk Pfäffikon,60703,50,2020,205,6,1887,23
108,Bezirk Pfäffikon,60703,51,2020,231,1,2118,24
108,Bezirk Pfäffikon,60703,52,2020,190,5,2308,29
108,Bezirk Pfäffikon,60703,53,2020,174,4,2482,33
108,Bezirk Pfäffikon,60703,1,2021,210,2,2692,35
108,Bezirk Pfäffikon,60703,2,2021,151,3,2843,38
108,Bezirk Pfäffikon,60703,3,2021,147,2,2990,40
108,Bezirk Pfäffikon,60703,4,2021,123,2,3113,42
108,Bezirk Pfäffikon,60703,5,2021,102,3,3215,45
108,Bezirk Pfäffikon,60703,6,2021,93,0,3308,45
108,Bezirk Pfäffikon,60703,7,2021,41,2,3349,47
108,Bezirk Pfäffikon,60703,8,2021,45,0,3394,47
108,Bezirk Pfäffikon,60703,9,2021,42,0,3436,47
108,Bezirk Pfäffikon,60703,10,2021,23,1,3459,48
108,Bezirk Pfäffikon,60703,11,2021,38,0,3497,48
108,Bezirk Pfäffikon,60703,12,2021,122,0,3619,48
108,Bezirk Pfäffikon,60703,13,2021,97,0,3716,48
108,Bezirk Pfäffikon,60703,14,2021,82,1,3798,49
108,Bezirk Pfäffikon,60703,15,2021,93,0,3891,49
108,Bezirk Pfäffikon,60703,16,2021,111,1,4002,50
108,Bezirk Pfäffikon,60703,17,2021,66,0,4068,50
108,Bezirk Pfäffikon,60703,18,2021,39,0,4107,50
108,Bezirk Pfäffikon,60703,19,2021,45,0,4152,50
108,Bezirk Pfäffikon,60703,20,2021,46,0,4198,50
108,Bezirk Pfäffikon,60703,21,2021,31,0,4229,50
108,Bezirk Pfäffikon,60703,22,2021,29,1,4258,51
108,Bezirk Pfäffikon,60703,23,2021,18,1,4276,52
108,Bezirk Pfäffikon,60703,24,2021,12,1,4288,53
108,Bezirk Pfäffikon,60703,25,2021,4,0,4292,53
108,Bezirk Pfäffikon,60703,26,2021,5,0,4297,53
108,Bezirk Pfäffikon,60703,27,2021,8,0,4305,53
108,Bezirk Pfäffikon,60703,28,2021,21,0,4326,53
108,Bezirk Pfäffikon,60703,29,2021,41,0,4367,53
108,Bezirk Pfäffikon,60703,30,2021,23,0,4390,53
108,Bezirk Pfäffikon,60703,31,2021,39,0,4429,53
108,Bezirk Pfäffikon,60703,32,2021,113,1,4542,54
108,Bezirk Pfäffikon,60703,33,2021,139,0,4681,54
108,Bezirk Pfäffikon,60703,34,2021,131,0,4812,54
108,Bezirk Pfäffikon,60703,35,2021,119,0,4931,54
108,Bezirk Pfäffikon,60703,36,2021,135,1,5066,55
108,Bezirk Pfäffikon,60703,37,2021,112,0,5178,55
108,Bezirk Pfäffikon,60703,38,2021,74,1,5252,56
108,Bezirk Pfäffikon,60703,39,2021,65,0,5317,56
108,Bezirk Pfäffikon,60703,40,2021,51,0,5368,56
108,Bezirk Pfäffikon,60703,41,2021,44,0,5412,56
108,Bezirk Pfäffikon,60703,42,2021,78,1,5490,57
108,Bezirk Pfäffikon,60703,43,2021,98,1,5588,58
108,Bezirk Pfäffikon,60703,44,2021,114,0,5702,58
108,Bezirk Pfäffikon,60703,45,2021,117,1,5819,59
108,Bezirk Pfäffikon,60703,46,2021,229,0,6048,59
108,Bezirk Pfäffikon,60703,47,2021,444,1,6492,60
108,Bezirk Pfäffikon,60703,48,2021,447,0,6939,60
108,Bezirk Pfäffikon,60703,49,2021,566,3,7505,63
108,Bezirk Pfäffikon,60703,50,2021,456,1,7961,64
108,Bezirk Pfäffikon,60703,51,2021,371,0,8332,64
108,Bezirk Pfäffikon,60703,52,2021,563,0,8895,64
108,Bezirk Pfäffikon,60703,1,2022,791,0,9686,64
108,Bezirk Pfäffikon,60703,2,2022,1010,1,10696,65
108,Bezirk Pfäffikon,60703,3,2022,1360,0,12056,65
108,Bezirk Pfäffikon,60703,4,2022,1589,1,13645,66
108,Bezirk Pfäffikon,60703,5,2022,1526,1,15171,67
108,Bezirk Pfäffikon,60703,6,2022,1206,0,16377,67
109,Bezirk Uster,131422,9,2020,0,0,0,0
109,Bezirk Uster,131422,10,2020,1,0,1,0
109,Bezirk Uster,131422,11,2020,11,0,12,0
109,Bezirk Uster,131422,12,2020,55,1,67,1
109,Bezirk Uster,131422,13,2020,44,2,111,3
109,Bezirk Uster,131422,14,2020,57,1,168,4
109,Bezirk Uster,131422,15,2020,39,1,207,5
109,Bezirk Uster,131422,16,2020,13,0,220,5
109,Bezirk Uster,131422,17,2020,10,0,230,5
109,Bezirk Uster,131422,18,2020,3,1,233,6
109,Bezirk Uster,131422,19,2020,2,0,235,6
109,Bezirk Uster,131422,20,2020,1,0,236,6
109,Bezirk Uster,131422,21,2020,1,1,237,7
109,Bezirk Uster,131422,22,2020,0,0,237,7
109,Bezirk Uster,131422,23,2020,2,0,239,7
109,Bezirk Uster,131422,24,2020,1,0,240,7
109,Bezirk Uster,131422,25,2020,4,0,244,7
109,Bezirk Uster,131422,26,2020,6,0,250,7
109,Bezirk Uster,131422,27,2020,30,0,280,7
109,Bezirk Uster,131422,28,2020,7,0,287,7
109,Bezirk Uster,131422,29,2020,13,0,300,7
109,Bezirk Uster,131422,30,2020,13,0,313,7
109,Bezirk Uster,131422,31,2020,19,0,332,7
109,Bezirk Uster,131422,32,2020,16,0,348,7
109,Bezirk Uster,131422,33,2020,26,0,374,7
109,Bezirk Uster,131422,34,2020,29,0,403,7
109,Bezirk Uster,131422,35,2020,28,0,431,7
109,Bezirk Uster,131422,36,2020,41,0,472,7
109,Bezirk Uster,131422,37,2020,29,0,501,7
109,Bezirk Uster,131422,38,2020,24,0,525,7
109,Bezirk Uster,131422,39,2020,27,0,552,7
109,Bezirk Uster,131422,40,2020,50,0,602,7
109,Bezirk Uster,131422,41,2020,85,0,687,7
109,Bezirk Uster,131422,42,2020,197,0,884,7
109,Bezirk Uster,131422,43,2020,325,1,1209,8
109,Bezirk Uster,131422,44,2020,550,2,1759,10
109,Bezirk Uster,131422,45,2020,510,2,2269,12
109,Bezirk Uster,131422,46,2020,397,2,2666,14
109,Bezirk Uster,131422,47,2020,400,3,3066,17
109,Bezirk Uster,131422,48,2020,363,1,3429,18
109,Bezirk Uster,131422,49,2020,423,2,3852,20
109,Bezirk Uster,131422,50,2020,506,13,4358,33
109,Bezirk Uster,131422,51,2020,523,6,4881,39
109,Bezirk Uster,131422,52,2020,546,9,5427,48
109,Bezirk Uster,131422,53,2020,497,9,5924,57
109,Bezirk Uster,131422,1,2021,458,11,6382,68
109,Bezirk Uster,131422,2,2021,292,7,6674,75
109,Bezirk Uster,131422,3,2021,304,10,6978,85
109,Bezirk Uster,131422,4,2021,213,9,7191,94
109,Bezirk Uster,131422,5,2021,144,4,7335,98
109,Bezirk Uster,131422,6,2021,121,3,7456,101
109,Bezirk Uster,131422,7,2021,103,2,7559,103
109,Bezirk Uster,131422,8,2021,97,3,7656,106
109,Bezirk Uster,131422,9,2021,128,0,7784,106
109,Bezirk Uster,131422,10,2021,154,2,7938,108
109,Bezirk Uster,131422,11,2021,177,0,8115,108
109,Bezirk Uster,131422,12,2021,185,1,8300,109
109,Bezirk Uster,131422,13,2021,204,2,8504,111
109,Bezirk Uster,131422,14,2021,225,2,8729,113
109,Bezirk Uster,131422,15,2021,280,1,9009,114
109,Bezirk Uster,131422,16,2021,275,0,9284,114
109,Bezirk Uster,131422,17,2021,168,2,9452,116
109,Bezirk Uster,131422,18,2021,119,2,9571,118
109,Bezirk Uster,131422,19,2021,108,1,9679,119
109,Bezirk Uster,131422,20,2021,60,1,9739,120
109,Bezirk Uster,131422,21,2021,63,0,9802,120
109,Bezirk Uster,131422,22,2021,42,1,9844,121
109,Bezirk Uster,131422,23,2021,43,0,9887,121
109,Bezirk Uster,131422,24,2021,13,0,9900,121
109,Bezirk Uster,131422,25,2021,11,0,9911,121
109,Bezirk Uster,131422,26,2021,7,0,9918,121
109,Bezirk Uster,131422,27,2021,33,0,9951,121
109,Bezirk Uster,131422,28,2021,57,0,10008,121
109,Bezirk Uster,131422,29,2021,94,0,10102,121
109,Bezirk Uster,131422,30,2021,88,0,10190,121
109,Bezirk Uster,131422,31,2021,95,0,10285,121
109,Bezirk Uster,131422,32,2021,191,0,10476,121
109,Bezirk Uster,131422,33,2021,304,0,10780,121
109,Bezirk Uster,131422,34,2021,310,2,11090,123
109,Bezirk Uster,131422,35,2021,305,3,11395,126
109,Bezirk Uster,131422,36,2021,361,1,11756,127
109,Bezirk Uster,131422,37,2021,200,1,11956,128
109,Bezirk Uster,131422,38,2021,145,1,12101,129
109,Bezirk Uster,131422,39,2021,124,1,12225,130
109,Bezirk Uster,131422,40,2021,102,0,12327,130
109,Bezirk Uster,131422,41,2021,64,0,12391,130
109,Bezirk Uster,131422,42,2021,83,0,12474,130
109,Bezirk Uster,131422,43,2021,145,1,12619,131
109,Bezirk Uster,131422,44,2021,207,0,12826,131
109,Bezirk Uster,131422,45,2021,276,1,13102,132
109,Bezirk Uster,131422,46,2021,327,0,13429,132
109,Bezirk Uster,131422,47,2021,569,3,13998,135
109,Bezirk Uster,131422,48,2021,586,0,14584,135
109,Bezirk Uster,131422,49,2021,761,1,15345,136
109,Bezirk Uster,131422,50,2021,856,0,16201,136
109,Bezirk Uster,131422,51,2021,838,3,17039,139
109,Bezirk Uster,131422,52,2021,1265,0,18304,139
109,Bezirk Uster,131422,1,2022,2044,0,20348,139
109,Bezirk Uster,131422,2,2022,2337,3,22685,142
109,Bezirk Uster,131422,3,2022,3090,2,25775,144
109,Bezirk Uster,131422,4,2022,3502,0,29277,144
109,Bezirk Uster,131422,5,2022,3234,0,32511,144
109,Bezirk Uster,131422,6,2022,2560,1,35071,145
110,Bezirk Winterthur,171101,9,2020,0,0,0,0
110,Bezirk Winterthur,171101,10,2020,3,0,3,0
110,Bezirk Winterthur,171101,11,2020,22,0,25,0
110,Bezirk Winterthur,171101,12,2020,61,0,86,0
110,Bezirk Winterthur,171101,13,2020,59,0,145,0
110,Bezirk Winterthur,171101,14,2020,86,1,231,1
110,Bezirk Winterthur,171101,15,2020,57,3,288,4
110,Bezirk Winterthur,171101,16,2020,50,2,338,6
110,Bezirk Winterthur,171101,17,2020,19,1,357,7
110,Bezirk Winterthur,171101,18,2020,12,0,369,7
110,Bezirk Winterthur,171101,19,2020,8,0,377,7
110,Bezirk Winterthur,171101,20,2020,6,0,383,7
110,Bezirk Winterthur,171101,21,2020,1,1,384,8
110,Bezirk Winterthur,171101,22,2020,4,0,388,8
110,Bezirk Winterthur,171101,23,2020,2,0,390,8
110,Bezirk Winterthur,171101,24,2020,3,0,393,8
110,Bezirk Winterthur,171101,25,2020,5,0,398,8
110,Bezirk Winterthur,171101,26,2020,3,0,401,8
110,Bezirk Winterthur,171101,27,2020,12,0,413,8
110,Bezirk Winterthur,171101,28,2020,18,0,431,8
110,Bezirk Winterthur,171101,29,2020,14,0,445,8
110,Bezirk Winterthur,171101,30,2020,19,0,464,8
110,Bezirk Winterthur,171101,31,2020,25,0,489,8
110,Bezirk Winterthur,171101,32,2020,25,0,514,8
110,Bezirk Winterthur,171101,33,2020,32,0,546,8
110,Bezirk Winterthur,171101,34,2020,44,1,590,9
110,Bezirk Winterthur,171101,35,2020,37,1,627,10
110,Bezirk Winterthur,171101,36,2020,32,0,659,10
110,Bezirk Winterthur,171101,37,2020,75,1,734,11
110,Bezirk Winterthur,171101,38,2020,51,0,785,11
110,Bezirk Winterthur,171101,39,2020,42,1,827,12
110,Bezirk Winterthur,171101,40,2020,56,1,883,13
110,Bezirk Winterthur,171101,41,2020,96,1,979,14
110,Bezirk Winterthur,171101,42,2020,205,0,1184,14
110,Bezirk Winterthur,171101,43,2020,352,0,1536,14
110,Bezirk Winterthur,171101,44,2020,407,2,1943,16
110,Bezirk Winterthur,171101,45,2020,542,4,2485,20
110,Bezirk Winterthur,171101,46,2020,531,9,3016,29
110,Bezirk Winterthur,171101,47,2020,593,9,3609,38
110,Bezirk Winterthur,171101,48,2020,449,10,4058,48
110,Bezirk Winterthur,171101,49,2020,633,8,4691,56
110,Bezirk Winterthur,171101,50,2020,825,11,5516,67
110,Bezirk Winterthur,171101,51,2020,690,21,6206,88
110,Bezirk Winterthur,171101,52,2020,555,12,6761,100
110,Bezirk Winterthur,171101,53,2020,445,7,7206,107
110,Bezirk Winterthur,171101,1,2021,443,0,7649,107
110,Bezirk Winterthur,171101,2,2021,233,2,7882,109
110,Bezirk Winterthur,171101,3,2021,203,0,8085,109
110,Bezirk Winterthur,171101,4,2021,198,2,8283,111
110,Bezirk Winterthur,171101,5,2021,174,0,8457,111
110,Bezirk Winterthur,171101,6,2021,119,1,8576,112
110,Bezirk Winterthur,171101,7,2021,109,0,8685,112
110,Bezirk Winterthur,171101,8,2021,99,0,8784,112
110,Bezirk Winterthur,171101,9,2021,119,0,8903,112
110,Bezirk Winterthur,171101,10,2021,126,0,9029,112
110,Bezirk Winterthur,171101,11,2021,208,0,9237,112
110,Bezirk Winterthur,171101,12,2021,208,0,9445,112
110,Bezirk Winterthur,171101,13,2021,228,2,9673,114
110,Bezirk Winterthur,171101,14,2021,310,2,9983,116
110,Bezirk Winterthur,171101,15,2021,293,0,10276,116
110,Bezirk Winterthur,171101,16,2021,317,1,10593,117
110,Bezirk Winterthur,171101,17,2021,252,0,10845,117
110,Bezirk Winterthur,171101,18,2021,201,0,11046,117
110,Bezirk Winterthur,171101,19,2021,148,0,11194,117
110,Bezirk Winterthur,171101,20,2021,150,0,11344,117
110,Bezirk Winterthur,171101,21,2021,111,0,11455,117
110,Bezirk Winterthur,171101,22,2021,83,1,11538,118
110,Bezirk Winterthur,171101,23,2021,60,0,11598,118
110,Bezirk Winterthur,171101,24,2021,40,0,11638,118
110,Bezirk Winterthur,171101,25,2021,20,0,11658,118
110,Bezirk Winterthur,171101,26,2021,17,0,11675,118
110,Bezirk Winterthur,171101,27,2021,36,0,11711,118
110,Bezirk Winterthur,171101,28,2021,82,0,11793,118
110,Bezirk Winterthur,171101,29,2021,73,0,11866,118
110,Bezirk Winterthur,171101,30,2021,81,1,11947,119
110,Bezirk Winterthur,171101,31,2021,147,1,12094,120
110,Bezirk Winterthur,171101,32,2021,315,0,12409,120
110,Bezirk Winterthur,171101,33,2021,505,0,12914,120
110,Bezirk Winterthur,171101,34,2021,474,0,13388,120
110,Bezirk Winterthur,171101,35,2021,515,1,13903,121
110,Bezirk Winterthur,171101,36,2021,531,4,14434,125
110,Bezirk Winterthur,171101,37,2021,382,3,14816,128
110,Bezirk Winterthur,171101,38,2021,235,0,15051,128
110,Bezirk Winterthur,171101,39,2021,193,1,15244,129
110,Bezirk Winterthur,171101,40,2021,132,0,15376,129
110,Bezirk Winterthur,171101,41,2021,83,0,15459,129
110,Bezirk Winterthur,171101,42,2021,147,0,15606,129
110,Bezirk Winterthur,171101,43,2021,287,0,15893,129
110,Bezirk Winterthur,171101,44,2021,407,2,16300,131
110,Bezirk Winterthur,171101,45,2021,635,2,16935,133
110,Bezirk Winterthur,171101,46,2021,837,1,17772,134
110,Bezirk Winterthur,171101,47,2021,1059,2,18831,136
110,Bezirk Winterthur,171101,48,2021,1129,4,19960,140
110,Bezirk Winterthur,171101,49,2021,1279,3,21239,143
110,Bezirk Winterthur,171101,50,2021,990,1,22229,144
110,Bezirk Winterthur,171101,51,2021,1045,1,23274,145
110,Bezirk Winterthur,171101,52,2021,1475,0,24749,145
110,Bezirk Winterthur,171101,1,2022,2330,0,27079,145
110,Bezirk Winterthur,171101,2,2022,2739,1,29818,146
110,Bezirk Winterthur,171101,3,2022,3680,0,33498,146
110,Bezirk Winterthur,171101,4,2022,4305,0,37803,146
110,Bezirk Winterthur,171101,5,2022,4341,2,42144,148
110,Bezirk Winterthur,171101,6,2022,2915,3,45059,151
111,Bezirk Dietikon,92275,9,2020,0,0,0,0
111,Bezirk Dietikon,92275,10,2020,2,0,2,0
111,Bezirk Dietikon,92275,11,2020,20,0,22,0
111,Bezirk Dietikon,92275,12,2020,37,0,59,0
111,Bezirk Dietikon,92275,13,2020,32,0,91,0
111,Bezirk Dietikon,92275,14,2020,35,1,126,1
111,Bezirk Dietikon,92275,15,2020,21,3,147,4
111,Bezirk Dietikon,92275,16,2020,26,1,173,5
111,Bezirk Dietikon,92275,17,2020,27,0,200,5
111,Bezirk Dietikon,92275,18,2020,8,0,208,5
111,Bezirk Dietikon,92275,19,2020,6,1,214,6
111,Bezirk Dietikon,92275,20,2020,2,0,216,6
111,Bezirk Dietikon,92275,21,2020,1,1,217,7
111,Bezirk Dietikon,92275,22,2020,2,0,219,7
111,Bezirk Dietikon,92275,23,2020,2,0,221,7
111,Bezirk Dietikon,92275,24,2020,1,0,222,7
111,Bezirk Dietikon,92275,25,2020,5,0,227,7
111,Bezirk Dietikon,92275,26,2020,9,0,236,7
111,Bezirk Dietikon,92275,27,2020,23,0,259,7
111,Bezirk Dietikon,92275,28,2020,7,0,266,7
111,Bezirk Dietikon,92275,29,2020,10,0,276,7
111,Bezirk Dietikon,92275,30,2020,8,0,284,7
111,Bezirk Dietikon,92275,31,2020,7,0,291,7
111,Bezirk Dietikon,92275,32,2020,17,0,308,7
111,Bezirk Dietikon,92275,33,2020,30,0,338,7
111,Bezirk Dietikon,92275,34,2020,49,0,387,7
111,Bezirk Dietikon,92275,35,2020,47,0,434,7
111,Bezirk Dietikon,92275,36,2020,23,0,457,7
111,Bezirk Dietikon,92275,37,2020,28,0,485,7
111,Bezirk Dietikon,92275,38,2020,22,0,507,7
111,Bezirk Dietikon,92275,39,2020,21,0,528,7
111,Bezirk Dietikon,92275,40,2020,70,0,598,7
111,Bezirk Dietikon,92275,41,2020,93,0,691,7
111,Bezirk Dietikon,92275,42,2020,146,1,837,8
111,Bezirk Dietikon,92275,43,2020,354,0,1191,8
111,Bezirk Dietikon,92275,44,2020,487,4,1678,12
111,Bezirk Dietikon,92275,45,2020,435,2,2113,14
111,Bezirk Dietikon,92275,46,2020,382,1,2495,15
111,Bezirk Dietikon,92275,47,2020,340,4,2835,19
111,Bezirk Dietikon,92275,48,2020,324,4,3159,23
111,Bezirk Dietikon,92275,49,2020,318,3,3477,26
111,Bezirk Dietikon,92275,50,2020,479,7,3956,33
111,Bezirk Dietikon,92275,51,2020,418,8,4374,41
111,Bezirk Dietikon,92275,52,2020,353,9,4727,50
111,Bezirk Dietikon,92275,53,2020,315,6,5042,56
111,Bezirk Dietikon,92275,1,2021,254,5,5296,61
111,Bezirk Dietikon,92275,2,2021,185,5,5481,66
111,Bezirk Dietikon,92275,3,2021,140,4,5621,70
111,Bezirk Dietikon,92275,4,2021,121,0,5742,70
111,Bezirk Dietikon,92275,5,2021,116,3,5858,73
111,Bezirk Dietikon,92275,6,2021,86,1,5944,74
111,Bezirk Dietikon,92275,7,2021,81,3,6025,77
111,Bezirk Dietikon,92275,8,2021,82,0,6107,77
111,Bezirk Dietikon,92275,9,2021,86,0,6193,77
111,Bezirk Dietikon,92275,10,2021,102,1,6295,78
111,Bezirk Dietikon,92275,11,2021,141,2,6436,80
111,Bezirk Dietikon,92275,12,2021,185,0,6621,80
111,Bezirk Dietikon,92275,13,2021,156,1,6777,81
111,Bezirk Dietikon,92275,14,2021,173,0,6950,81
111,Bezirk Dietikon,92275,15,2021,219,0,7169,81
111,Bezirk Dietikon,92275,16,2021,191,1,7360,82
111,Bezirk Dietikon,92275,17,2021,133,1,7493,83
111,Bezirk Dietikon,92275,18,2021,90,1,7583,84
111,Bezirk Dietikon,92275,19,2021,71,1,7654,85
111,Bezirk Dietikon,92275,20,2021,61,0,7715,85
111,Bezirk Dietikon,92275,21,2021,44,1,7759,86
111,Bezirk Dietikon,92275,22,2021,35,0,7794,86
111,Bezirk Dietikon,92275,23,2021,16,0,7810,86
111,Bezirk Dietikon,92275,24,2021,9,0,7819,86
111,Bezirk Dietikon,92275,25,2021,4,0,7823,86
111,Bezirk Dietikon,92275,26,2021,11,0,7834,86
111,Bezirk Dietikon,92275,27,2021,36,0,7870,86
111,Bezirk Dietikon,92275,28,2021,63,0,7933,86
111,Bezirk Dietikon,92275,29,2021,67,0,8000,86
111,Bezirk Dietikon,92275,30,2021,63,0,8063,86
111,Bezirk Dietikon,92275,31,2021,89,0,8152,86
111,Bezirk Dietikon,92275,32,2021,202,0,8354,86
111,Bezirk Dietikon,92275,33,2021,266,0,8620,86
111,Bezirk Dietikon,92275,34,2021,331,0,8951,86
111,Bezirk Dietikon,92275,35,2021,269,0,9220,86
111,Bezirk Dietikon,92275,36,2021,322,0,9542,86
111,Bezirk Dietikon,92275,37,2021,201,1,9743,87
111,Bezirk Dietikon,92275,38,2021,123,0,9866,87
111,Bezirk Dietikon,92275,39,2021,82,3,9948,90
111,Bezirk Dietikon,92275,40,2021,59,1,10007,91
111,Bezirk Dietikon,92275,41,2021,35,0,10042,91
111,Bezirk Dietikon,92275,42,2021,68,1,10110,92
111,Bezirk Dietikon,92275,43,2021,107,0,10217,92
111,Bezirk Dietikon,92275,44,2021,139,0,10356,92
111,Bezirk Dietikon,92275,45,2021,190,1,10546,93
111,Bezirk Dietikon,92275,46,2021,232,1,10778,94
111,Bezirk Dietikon,92275,47,2021,414,0,11192,94
111,Bezirk Dietikon,92275,48,2021,547,0,11739,94
111,Bezirk Dietikon,92275,49,2021,530,0,12269,94
111,Bezirk Dietikon,92275,50,2021,465,5,12734,99
111,Bezirk Dietikon,92275,51,2021,535,0,13269,99
111,Bezirk Dietikon,92275,52,2021,787,1,14056,100
111,Bezirk Dietikon,92275,1,2022,1614,1,15670,101
111,Bezirk Dietikon,92275,2,2022,1719,0,17389,101
111,Bezirk Dietikon,92275,3,2022,2111,2,19500,103
111,Bezirk Dietikon,92275,4,2022,2143,0,21643,103
111,Bezirk Dietikon,92275,5,2022,2164,0,23807,103
111,Bezirk Dietikon,92275,6,2022,1696,0,25503,103
112,Bezirk Zürich,422870,9,2020,7,0,7,0
112,Bezirk Zürich,422870,10,2020,13,0,20,0
112,Bezirk Zürich,422870,11,2020,70,1,90,1
112,Bezirk Zürich,422870,12,2020,216,3,306,4
112,Bezirk Zürich,422870,13,2020,232,6,538,10
112,Bezirk Zürich,422870,14,2020,206,14,744,24
112,Bezirk Zürich,422870,15,2020,177,13,921,37
112,Bezirk Zürich,422870,16,2020,61,15,982,52
112,Bezirk Zürich,422870,17,2020,58,7,1040,59
112,Bezirk Zürich,422870,18,2020,39,7,1079,66
112,Bezirk Zürich,422870,19,2020,26,2,1105,68
112,Bezirk Zürich,422870,20,2020,10,1,1115,69
112,Bezirk Zürich,422870,21,2020,5,0,1120,69
112,Bezirk Zürich,422870,22,2020,11,0,1131,69
112,Bezirk Zürich,422870,23,2020,10,0,1141,69
112,Bezirk Zürich,422870,24,2020,6,0,1147,69
112,Bezirk Zürich,422870,25,2020,9,0,1156,69
112,Bezirk Zürich,422870,26,2020,24,0,1180,69
112,Bezirk Zürich,422870,27,2020,37,1,1217,70
112,Bezirk Zürich,422870,28,2020,30,0,1247,70
112,Bezirk Zürich,422870,29,2020,40,0,1287,70
112,Bezirk Zürich,422870,30,2020,20,1,1307,71
112,Bezirk Zürich,422870,31,2020,47,0,1354,71
112,Bezirk Zürich,422870,32,2020,50,1,1404,72
112,Bezirk Zürich,422870,33,2020,124,1,1528,73
112,Bezirk Zürich,422870,34,2020,150,0,1678,73
112,Bezirk Zürich,422870,35,2020,186,1,1864,74
112,Bezirk Zürich,422870,36,2020,201,0,2065,74
112,Bezirk Zürich,422870,37,2020,178,0,2243,74
112,Bezirk Zürich,422870,38,2020,124,0,2367,74
112,Bezirk Zürich,422870,39,2020,154,1,2521,75
112,Bezirk Zürich,422870,40,2020,330,0,2851,75
112,Bezirk Zürich,422870,41,2020,524,0,3375,75
112,Bezirk Zürich,422870,42,2020,1054,2,4429,77
112,Bezirk Zürich,422870,43,2020,1722,4,6151,81
112,Bezirk Zürich,422870,44,2020,2292,8,8443,89
112,Bezirk Zürich,422870,45,2020,1885,9,10328,98
112,Bezirk Zürich,422870,46,2020,1498,11,11826,109
112,Bezirk Zürich,422870,47,2020,1239,18,13065,127
112,Bezirk Zürich,422870,48,2020,1225,23,14290,150
112,Bezirk Zürich,422870,49,2020,1371,28,15661,178
112,Bezirk Zürich,422870,50,2020,1486,34,17147,212
112,Bezirk Zürich,422870,51,2020,1493,34,18640,246
112,Bezirk Zürich,422870,52,2020,1345,48,19985,294
112,Bezirk Zürich,422870,53,2020,1297,39,21282,333
112,Bezirk Zürich,422870,1,2021,1112,18,22394,351
112,Bezirk Zürich,422870,2,2021,692,24,23086,375
112,Bezirk Zürich,422870,3,2021,560,16,23646,391
112,Bezirk Zürich,422870,4,2021,486,9,24132,400
112,Bezirk Zürich,422870,5,2021,384,5,24516,405
112,Bezirk Zürich,422870,6,2021,327,5,24843,410
112,Bezirk Zürich,422870,7,2021,339,4,25182,414
112,Bezirk Zürich,422870,8,2021,261,1,25443,415
112,Bezirk Zürich,422870,9,2021,266,3,25709,418
112,Bezirk Zürich,422870,10,2021,340,3,26049,421
112,Bezirk Zürich,422870,11,2021,495,5,26544,426
112,Bezirk Zürich,422870,12,2021,578,3,27122,429
112,Bezirk Zürich,422870,13,2021,607,5,27729,434
112,Bezirk Zürich,422870,14,2021,719,0,28448,434
112,Bezirk Zürich,422870,15,2021,725,3,29173,437
112,Bezirk Zürich,422870,16,2021,689,4,29862,441
112,Bezirk Zürich,422870,17,2021,534,3,30396,444
112,Bezirk Zürich,422870,18,2021,374,3,30770,447
112,Bezirk Zürich,422870,19,2021,290,2,31060,449
112,Bezirk Zürich,422870,20,2021,276,1,31336,450
112,Bezirk Zürich,422870,21,2021,175,0,31511,450
112,Bezirk Zürich,422870,22,2021,132,0,31643,450
112,Bezirk Zürich,422870,23,2021,87,0,31730,450
112,Bezirk Zürich,422870,24,2021,50,1,31780,451
112,Bezirk Zürich,422870,25,2021,25,1,31805,452
112,Bezirk Zürich,422870,26,2021,46,0,31851,452
112,Bezirk Zürich,422870,27,2021,121,1,31972,453
112,Bezirk Zürich,422870,28,2021,312,0,32284,453
112,Bezirk Zürich,422870,29,2021,352,0,32636,453
112,Bezirk Zürich,422870,30,2021,270,1,32906,454
112,Bezirk Zürich,422870,31,2021,272,0,33178,454
112,Bezirk Zürich,422870,32,2021,494,1,33672,455
112,Bezirk Zürich,422870,33,2021,649,2,34321,457
112,Bezirk Zürich,422870,34,2021,754,4,35075,461
112,Bezirk Zürich,422870,35,2021,771,2,35846,463
112,Bezirk Zürich,422870,36,2021,969,4,36815,467
112,Bezirk Zürich,422870,37,2021,629,2,37444,469
112,Bezirk Zürich,422870,38,2021,427,0,37871,469
112,Bezirk Zürich,422870,39,2021,411,4,38282,473
112,Bezirk Zürich,422870,40,2021,319,0,38601,473
112,Bezirk Zürich,422870,41,2021,235,2,38836,475
112,Bezirk Zürich,422870,42,2021,303,0,39139,475
112,Bezirk Zürich,422870,43,2021,418,0,39557,475
112,Bezirk Zürich,422870,44,2021,577,0,40134,475
112,Bezirk Zürich,422870,45,2021,874,4,41008,479
112,Bezirk Zürich,422870,46,2021,1409,2,42417,481
112,Bezirk Zürich,422870,47,2021,2081,3,44498,484
112,Bezirk Zürich,422870,48,2021,2307,5,46805,489
112,Bezirk Zürich,422870,49,2021,2687,7,49492,496
112,Bezirk Zürich,422870,50,2021,2596,3,52088,499
112,Bezirk Zürich,422870,51,2021,3543,3,55631,502
112,Bezirk Zürich,422870,52,2021,4436,4,60067,506
112,Bezirk Zürich,422870,1,2022,8104,4,68171,510
112,Bezirk Zürich,422870,2,2022,8242,3,76413,513
112,Bezirk Zürich,422870,3,2022,10557,2,86970,515
112,Bezirk Zürich,422870,4,2022,10960,1,97930,516
112,Bezirk Zürich,422870,5,2022,8854,5,106784,521
112,Bezirk Zürich,422870,6,2022,6529,3,113313,524
